name,username,job,company,website,ssn,address,residence,blood_group,sex,mail,birthdate,current_location
Aaron Kelly,lawsonethan,Accounting technician,"Fischer, Jones and Wall",['https://www.nelson-rhodes.com/'],104-47-2827,"Unit 2801 Box 6809
DPO AP 25697","PSC 1829, Box 9386
APO AP 09428",B-,M,brian39@gmail.com,1968-02-09,"(Decimal('12.232770'), Decimal('13.991795'))"
Adam Carlson,shannon72,"Surveyor, building",Lowe Group,['https://www.kennedy.info/'],153-59-9672,"Unit 0304 Box 8064
DPO AP 60434","85150 Mckinney Turnpike Suite 518
Gardnerport, UT 11569",O-,M,williamsdavid@yahoo.com,1994-10-23,"(Decimal('-8.0017205'), Decimal('-57.295144'))"
Adrienne Parks,wmayer,"Teacher, early years/pre","Chase, Harvey and Johnson","['http://li.com/', 'https://little.com/']",769-46-8908,"8671 Jennifer Drive Suite 305
Port Kimberly, DC 83122","PSC 7404, Box 0557
APO AA 29134",AB-,F,frazierjoy@yahoo.com,1990-05-01,"(Decimal('79.135671'), Decimal('118.883341'))"
Alexander Odom,james29,"Nurse, children's",Riley PLC,['https://larson.com/'],011-08-8100,"1979 Carolyn Shoal Suite 455
Justinstad, SD 12458","505 Rodriguez Forges
East Michael, MS 23176",B-,M,pwright@yahoo.com,1986-01-23,"(Decimal('86.070362'), Decimal('92.110100'))"
Alexandra Brewer,ramosjuan,Psychotherapist,Spears-Sexton,"['https://www.ruiz.com/', 'http://www.smith-mahoney.org/']",622-70-3216,"242 Brian Club
Wagnerhaven, CA 01053","846 Monica Prairie Suite 094
New Brittanyfort, VA 03210",O+,F,williamsjeff@gmail.com,1990-08-24,"(Decimal('77.456178'), Decimal('-141.992722'))"
Alison Spencer,vickigray,Records manager,Adams-Shelton,"['http://weber.net/', 'http://www.wyatt.org/', 'https://www.morris-taylor.com/']",035-91-4415,"359 Gary Walk
Davidmouth, NJ 39352","045 Zamora Road Suite 977
Juliaton, NC 46422",A-,F,martinjacqueline@hotmail.com,1917-01-10,"(Decimal('-43.703962'), Decimal('107.549384'))"
Amanda Harding,owensderrick,Geographical information systems officer,Solis and Sons,['https://www.peterson-wong.net/'],537-69-4506,"87559 Taylor Mountain
Port Crystalbury, CA 94055","891 Smith Pine
Montgomeryborough, OH 93429",B+,F,jonesapril@gmail.com,1918-08-18,"(Decimal('-21.4425765'), Decimal('101.939454'))"
Amanda Jackson,erinwheeler,Animal technologist,Blackburn Ltd,"['http://bush-sanchez.org/', 'https://hughes.biz/', 'https://smith.com/']",457-84-7384,"7625 Kimberly Falls
Port Ruthland, WY 43599","1048 English Court Suite 500
Moorefurt, SC 52890",B-,F,elizabethjones@yahoo.com,1958-01-02,"(Decimal('-80.077771'), Decimal('-122.422071'))"
Amanda Johnson,haley85,Solicitor,Burns-Briggs,"['http://johnson-day.net/', 'http://www.gardner.org/', 'https://martinez-fisher.com/']",221-64-8403,"77483 Bailey Corners
Lake Charles, ND 91956","641 Deborah Lock
Stewartton, KY 46639",B+,F,caitlin00@yahoo.com,1993-05-10,"(Decimal('-35.757933'), Decimal('15.670328'))"
Amy Salazar DDS,dawsonkelly,Building services engineer,Castaneda Ltd,"['https://www.torres-bean.com/', 'https://rivera.com/', 'http://www.west.com/', 'http://www.alexander.com/']",096-67-7483,"319 Cardenas Parkway
Robertabury, NV 92516","7752 Barton Rest Apt. 204
Lake Marcchester, OK 18501",O-,F,melinda94@yahoo.com,1974-12-07,"(Decimal('13.930967'), Decimal('99.386679'))"
Andrea Juarez,dromero,"Production assistant, radio",Zamora LLC,"['https://larson-bauer.com/', 'http://www.carpenter.biz/']",189-36-6008,"87206 Nathan Trail Suite 265
Smithfort, DE 58261","567 Anthony Cliffs
Lake Mariofurt, SD 41537",B+,F,qrichardson@yahoo.com,2017-01-18,"(Decimal('-31.405927'), Decimal('85.419761'))"
Andrew Clements,smithanne,Sports administrator,Bishop-Owens,['http://ramirez.com/'],337-70-2877,"027 Haas Spur
Brownborough, CA 03582","824 Taylor Station Apt. 024
Tuckermouth, KS 31687",B+,M,jonesjustin@gmail.com,1987-11-14,"(Decimal('-68.4072485'), Decimal('-173.346955'))"
Andrew Cordova Jr.,pamelaphillips,Chief Executive Officer,"Page, Carson and Price","['https://www.hughes.com/', 'http://www.roman.com/', 'https://www.williams-miller.com/', 'https://morgan.biz/']",212-83-4544,"75648 Brown Trail Apt. 697
Georgeshire, MA 16592","8105 Burton Overpass Suite 524
Lake Susan, IA 29125",AB-,M,nicolegriffith@yahoo.com,2014-08-13,"(Decimal('-57.361089'), Decimal('-37.723646'))"
Angela Green,heather47,"Designer, ceramics/pottery",Burke Ltd,"['http://robertson.com/', 'http://collins-smith.com/']",054-12-5792,"30224 Lauren Crest Suite 943
Buchananstad, NH 05757","4630 Fletcher Grove
New Derrick, NM 20380",A+,F,zcantu@yahoo.com,1937-12-01,"(Decimal('-57.480346'), Decimal('91.357799'))"
Angela Page,scottamber,Manufacturing systems engineer,Dodson PLC,['https://lee.com/'],002-72-6863,"282 Hodges Radial
Randymouth, RI 73357","Unit 1224 Box 9078
DPO AP 43925",AB+,F,arobinson@gmail.com,1977-04-09,"(Decimal('29.598287'), Decimal('-109.717356'))"
Anna Price,carpenteralicia,Travel agency manager,Wallace Ltd,"['http://davis-pierce.biz/', 'http://www.logan-hall.org/', 'http://www.hawkins-kramer.info/']",818-50-4213,"465 Lawrence Corners
Sarahton, KS 97573","0007 Mcintosh Mews
Livingstontown, NM 83843",A-,F,sarahrosales@gmail.com,2000-12-24,"(Decimal('42.937820'), Decimal('-63.987391'))"
Anne Chavez,dbarnes,"Physicist, medical",Howell-Martinez,['http://maldonado-alvarez.com/'],173-82-1153,"5744 Brianna Road
Mitchellstad, PA 33231","049 Crystal Port Suite 143
New Jasonberg, RI 58467",O-,F,michael45@hotmail.com,1926-05-27,"(Decimal('15.9767195'), Decimal('-20.367470'))"
Anthony Fuller,ericameadows,Senior tax professional/tax inspector,Dillon LLC,['http://rivera-ryan.com/'],445-23-6562,"47366 Harris Grove
Suzannebury, TX 33443","93840 Gina Squares
Lake Richard, WY 22356",AB-,M,martinezkayla@yahoo.com,1946-04-19,"(Decimal('-74.8261125'), Decimal('-111.032136'))"
Benjamin Baldwin,gonzalezcatherine,Control and instrumentation engineer,Lee-Walters,"['https://bruce.biz/', 'http://tanner.com/', 'http://www.hamilton-thompson.com/', 'http://wilson.info/']",602-90-2236,"88164 David Lodge
Port Jonathanborough, MN 81787","8960 Castillo Isle Apt. 341
Thomasmouth, MI 52527",A-,M,epruitt@yahoo.com,1912-08-02,"(Decimal('-49.748277'), Decimal('61.855304'))"
Bill Perez,pwilliams,Horticultural consultant,Huff-Garcia,"['http://joyce-brown.com/', 'https://huerta.net/']",803-88-2440,"383 Howard Port
Lancemouth, SD 60724","Unit 0226 Box 1017
DPO AP 68027",B-,M,hwatson@yahoo.com,1964-08-24,"(Decimal('83.0349215'), Decimal('94.735845'))"
Brett Morgan,tpeters,Press sub,"Newman, Hammond and Hall",['https://green.com/'],100-61-7496,"PSC 3157, Box 1969
APO AA 19121","4374 Ronald Islands Suite 095
Joshuaport, RI 68365",O+,M,stephanieschaefer@yahoo.com,1976-03-30,"(Decimal('-49.6408015'), Decimal('25.526937'))"
Bruce Baker,austinwilliams,"Accountant, chartered certified",Adams Group,"['https://barrett.com/', 'http://perry.net/']",143-50-7290,"231 Theresa Ramp Suite 919
New Kenneth, ME 09442","351 Christina Fords Suite 809
Jacobstad, WI 41393",AB+,M,kparker@yahoo.com,1910-11-04,"(Decimal('43.7182195'), Decimal('-136.512591'))"
Bruce Jones,barrettrobert,Garment/textile technologist,Mathews and Sons,"['http://palmer-nichols.com/', 'https://www.ramos.com/']",148-16-7465,"7328 Green Place
North Matthewville, WI 51970","PSC 4861, Box 7554
APO AP 41960",A-,M,zbarton@hotmail.com,1922-02-17,"(Decimal('-63.416836'), Decimal('-83.999876'))"
Candace Pierce,jsparks,Acupuncturist,Thomas-Smith,['http://torres.net/'],151-87-8047,"4351 Leslie Garden
Snyderchester, GA 12902","33872 Amanda Plaza Suite 275
West Michael, MN 71486",O-,F,deanna81@hotmail.com,1925-01-06,"(Decimal('73.0696525'), Decimal('53.959676'))"
Carol Clark,andrew52,Chief Operating Officer,"Johnson, Boyle and Quinn","['http://doyle.net/', 'https://davis.org/', 'https://smith.com/']",467-62-9652,"1738 Wendy Manor Suite 070
Joshuahaven, UT 75736","54340 Kyle Manors
Andersonhaven, TN 72973",A-,F,jgarner@hotmail.com,1984-11-20,"(Decimal('31.7442545'), Decimal('-37.397358'))"
Cathy Tucker,mary48,"Engineer, mining","Hodge, Good and Carter",['https://www.ellis.com/'],810-44-6981,"9907 Baker Shoal
Robertsview, NH 96820","42047 Calvin Forks Suite 965
East Tyler, MO 62524",O+,F,zbell@yahoo.com,1935-08-30,"(Decimal('88.8025985'), Decimal('-162.801096'))"
Charlene James,keith81,Scientific laboratory technician,Vasquez and Sons,"['https://www.jenkins.com/', 'https://evans.com/', 'https://oliver.com/', 'http://walker.biz/']",426-24-8549,"348 Megan Village
West Johnmouth, SC 18670","04643 Bell Throughway Suite 863
Brownfort, MT 66387",O+,F,ryanchaney@yahoo.com,1967-12-01,"(Decimal('-2.965208'), Decimal('33.275562'))"
Charles Nguyen II,laura70,"Engineer, maintenance (IT)",Green-Espinoza,"['https://www.davis-rodriguez.net/', 'http://crane.info/', 'https://www.strickland-barry.com/']",346-29-4130,"42598 Mitchell Mall
Lake Sarah, ME 27531","4618 Thomas Shores
Jenniferland, MT 56530",AB+,M,thomasdebra@hotmail.com,1945-10-25,"(Decimal('74.648653'), Decimal('155.606727'))"
Charles Rollins,natashawilkinson,Occupational hygienist,Roth-Wilkerson,"['http://porter.com/', 'https://leach.com/', 'http://www.smith.com/']",481-73-0288,"45373 Kevin Extension Suite 736
Thomasshire, DC 07895","226 Bryan Manor Apt. 674
West Angelaberg, LA 77398",A+,M,howardcontreras@yahoo.com,1951-08-31,"(Decimal('47.604159'), Decimal('-31.684394'))"
Chelsea Francis,brianpoole,Visual merchandiser,Cox Ltd,"['http://baker.com/', 'http://rios.net/']",744-88-3442,"22640 Christopher Village
Padillaport, RI 11583","41206 Chavez Tunnel
New Kevinhaven, MN 54356",A-,F,shawnjohnson@hotmail.com,1987-11-19,"(Decimal('-27.027983'), Decimal('-135.826536'))"
Cheryl Dickson,shepardbrittany,Systems developer,"Kennedy, Wheeler and Davidson","['http://ferguson.com/', 'https://miller.com/', 'https://www.zimmerman.com/', 'https://walker.net/']",246-69-3498,"251 Lori Track Suite 977
East Davidton, WI 18300","3356 Wilson Inlet Suite 290
West Natalietown, TN 35394",B+,F,johnsonrichard@hotmail.com,2014-02-13,"(Decimal('-77.2138935'), Decimal('-14.932030'))"
Cheryl Jones,jbrown,"Programmer, applications","Maldonado, Stephenson and Porter",['http://www.williams.com/'],552-37-4186,"10976 Kennedy Common Suite 936
Fosterchester, NE 26302","303 Rebecca Spur
Hannahfort, MO 41128",O-,F,amandamartinez@yahoo.com,1928-10-18,"(Decimal('-9.179789'), Decimal('143.458540'))"
Christina Chavez,alicia91,Patent attorney,"Bennett, Combs and Rodriguez",['https://martin-wilson.com/'],369-16-7512,"961 Stevenson Island
West Julie, DE 99249","583 Kyle Plain Apt. 187
Tinaburgh, NY 62839",A-,F,sarajones@hotmail.com,2014-11-03,"(Decimal('-43.432323'), Decimal('-146.035198'))"
Christina Miller,xjackson,Animator,Conner-Melendez,"['https://morgan-turner.com/', 'https://www.martinez.com/', 'http://www.raymond.org/', 'http://www.davidson-taylor.com/']",702-94-7795,"628 Hayes Groves Apt. 537
North Lindachester, WI 68018","7510 Anita Common
Jonesfurt, ND 75257",A+,F,angelasullivan@hotmail.com,1937-07-30,"(Decimal('65.320307'), Decimal('-39.522594'))"
Christina Moore,akelley,Air traffic controller,Rodriguez and Sons,"['https://george.com/', 'http://www.anderson-douglas.com/', 'https://kirby.com/']",769-65-4279,"170 Erica Ferry Apt. 036
South Pamela, WV 73000","Unit 8757 Box 9667
DPO AA 56916",B+,F,tateryan@hotmail.com,1962-10-12,"(Decimal('-24.0396615'), Decimal('-50.384532'))"
Christina Sherman,baileychristine,Diplomatic Services operational officer,"Richardson, Davis and Cummings","['http://www.house.com/', 'https://www.hall-campbell.info/', 'https://www.herrera.com/', 'http://francis.info/']",404-30-9276,"6746 Jamie Meadow
Collinschester, AZ 34826","PSC 9983, Box 0205
APO AE 44210",AB-,F,raymond92@hotmail.com,1981-09-11,"(Decimal('75.549923'), Decimal('-6.401189'))"
Christina Stephens,idawson,Oncologist,Jimenez Group,['https://www.drake.info/'],511-17-2143,"08234 Hannah Union
Cruzport, OK 45462","36082 Jones Rue
West Terriborough, NM 40673",B+,F,warnercynthia@gmail.com,1985-08-29,"(Decimal('65.5434995'), Decimal('99.105231'))"
Christopher Acosta PhD,teresa74,Paediatric nurse,Miller-Snyder,"['http://www.moore.com/', 'http://sanchez.com/']",144-23-1284,"3708 Stacy Extension Apt. 741
North Stephaniefurt, ID 08039","0364 Raymond Highway Apt. 135
Lake Vanessaland, SC 30682",A-,M,flawson@hotmail.com,1946-02-01,"(Decimal('30.630042'), Decimal('102.132399'))"
Christopher Gilbert,ericgallegos,Careers adviser,Murray and Sons,['http://www.smith.com/'],417-15-1155,"8805 Cindy Mountains
Port Traci, WA 51025","5140 Carey Landing Apt. 616
Moralesberg, RI 89236",A+,M,anthonyjane@yahoo.com,1924-10-03,"(Decimal('-38.343423'), Decimal('-171.446083'))"
Christopher Gonzalez,samanthawilliams,Multimedia programmer,Morales Group,"['http://www.rodriguez.com/', 'https://www.walker.com/', 'https://curry.biz/']",241-51-4321,"107 Gray Harbor Suite 529
North Elizabethside, FL 46128","36093 Weeks Dam
Davisland, WY 50310",AB-,M,danielsdavid@yahoo.com,1945-07-20,"(Decimal('-22.963021'), Decimal('-100.846344'))"
Christopher Miller,velasquezkrista,Information systems manager,"Francis, York and Garcia","['http://www.thompson-cortez.com/', 'http://nelson.net/', 'http://rice.com/', 'http://roth-jimenez.com/']",489-14-1296,"76546 Michael Skyway Suite 626
Fuentesburgh, NJ 04262","3238 Brian Pike
Angelamouth, OK 26050",A-,M,johnsimon@gmail.com,1974-10-27,"(Decimal('-85.8518815'), Decimal('131.261297'))"
Christopher Snow,christianallen,Operations geologist,"Walker, Lewis and Gibson","['https://robinson.com/', 'http://www.arias.com/', 'http://www.macias.com/', 'http://woods.net/']",618-57-9408,"09176 Pacheco Lane Apt. 244
South Raymondberg, ID 19304","5703 Berger Heights Suite 275
Lake Marcoside, MS 24586",B+,M,rwoodard@yahoo.com,1973-11-03,"(Decimal('-10.3683285'), Decimal('121.849307'))"
Christopher Waters,gbaker,Seismic interpreter,Howe-Gonzalez,"['https://lane.com/', 'https://payne.net/', 'http://sanders.com/', 'http://www.campbell.net/']",223-55-2112,"31061 Pham Inlet
Johnmouth, MS 34666","53225 Nicolas Harbors
North Bobbyhaven, DC 47881",A+,M,mooneynicholas@hotmail.com,1918-07-08,"(Decimal('-62.969661'), Decimal('94.381211'))"
Christy Greer,elizabethholland,Chief Operating Officer,"Harris, Aguilar and Arnold","['http://www.robbins-brown.net/', 'http://williamson.com/', 'https://www.newman.org/', 'http://www.parker.com/']",196-75-6304,"2177 White Summit Suite 492
New Kristinstad, NY 34275","203 Jennifer Points Apt. 316
South Toddport, WA 38181",AB+,F,jason00@gmail.com,1958-05-30,"(Decimal('-66.660776'), Decimal('103.110759'))"
Clifford Duncan,kayla58,"Psychologist, prison and probation services",Russell-Wilson,"['https://www.cortez.com/', 'http://carroll.com/', 'https://www.garrett.com/']",074-56-9945,"485 Kristen Island Apt. 897
Port Lauraberg, MA 24507","09263 Deleon Courts Apt. 275
South Rachel, TX 95004",B+,M,robertreid@gmail.com,1919-04-22,"(Decimal('-60.0959295'), Decimal('-88.245776'))"
Cody Adkins,knappryan,"Geologist, wellsite","Wells, Vasquez and Williams","['https://gates.net/', 'http://www.lee.com/']",331-14-9872,"0737 Stone Roads Suite 189
Port Annaville, MS 71173","6994 Jackson Island Suite 894
North Nathan, MT 34985",A+,M,jthomas@gmail.com,1977-06-02,"(Decimal('-61.815936'), Decimal('19.577442'))"
Cody Fuentes,williamskathryn,Marketing executive,"Nichols, Freeman and Garza","['http://www.peterson.com/', 'https://www.tucker-gonzalez.net/']",427-75-2730,"9562 Wallace Dam
Bridgetland, NJ 51217","182 Gregory Landing
Port Edwardfort, CT 80436",B-,M,andreaunderwood@yahoo.com,1960-11-24,"(Decimal('34.284897'), Decimal('87.599452'))"
Corey Hughes,bgilmore,Child psychotherapist,Stewart-Crane,['https://hammond-bryant.net/'],230-74-1812,"86228 Fields Burg
Shahview, KS 25417","6412 Dana Heights Apt. 595
Anthonybury, OR 89077",B-,M,melissa00@yahoo.com,1994-12-16,"(Decimal('-19.520344'), Decimal('7.264556'))"
Corey Moore,justin95,"Engineer, materials",Randolph-Taylor,"['http://watson.com/', 'http://www.brown.com/', 'https://www.freeman.net/', 'https://gray-hubbard.com/']",369-33-2208,"78507 Swanson Valley Apt. 921
Lake Matthewborough, IL 45338","0771 John Drive Apt. 653
West Triciafort, IN 33931",B+,M,oshelton@hotmail.com,1987-07-15,"(Decimal('-78.115265'), Decimal('91.905304'))"
Courtney Hardin,eric16,"Programme researcher, broadcasting/film/video","Harris, Berg and Aguirre","['http://bradley.net/', 'https://www.morgan.com/', 'http://harris.com/', 'http://www.smith-johnson.com/']",496-56-3105,"20243 Haynes Ports
Karaton, NC 38948","509 Jacob Fords
West Andrewbury, WV 34561",A-,F,perezkimberly@gmail.com,1972-07-13,"(Decimal('-76.3241775'), Decimal('-23.346073'))"
Dale Sanchez,phester,Professor Emeritus,Gilbert-Flores,"['https://hutchinson-robbins.com/', 'http://lewis.com/']",521-52-1931,"2559 Peter Inlet
Oneillton, NV 26105","5315 Curtis Springs
Port Rickyborough, IN 56617",A+,M,juanmorgan@yahoo.com,1976-02-10,"(Decimal('-87.1041465'), Decimal('-86.914917'))"
Darren Page,durhamandrew,Politician's assistant,Williams-Collier,"['http://www.rodriguez.com/', 'http://www.curtis.com/', 'https://pratt-webster.info/']",234-34-4736,"2104 Darryl Mountains Suite 665
Rogerstad, MA 48964","8552 Shelley Ports
New Derek, NE 21617",AB-,M,john84@gmail.com,1980-03-22,"(Decimal('47.3159815'), Decimal('-52.834738'))"
David Haynes,monica08,Food technologist,"Wang, Wilson and Williams",['https://www.malone.com/'],410-16-0037,"949 Moon Fall Suite 972
Catherineshire, LA 11009","8583 Rhonda Expressway Suite 901
South Caleb, KS 21618",AB-,M,anthonyowen@hotmail.com,1964-07-31,"(Decimal('-16.0189245'), Decimal('-47.070160'))"
David Roberts,petersonkelly,"Secretary, company",Stanton and Sons,"['https://www.mason.com/', 'https://www.merritt-west.com/']",752-65-9066,"652 Reeves Way Apt. 735
Port Douglasview, PA 34008","32980 Erin Court Suite 648
Lake Joseph, RI 55010",B+,M,brianna43@yahoo.com,1985-12-19,"(Decimal('74.1513845'), Decimal('-53.467827'))"
David Rodriguez,efleming,Plant breeder/geneticist,"Clark, Thomas and Walker","['http://www.bell.biz/', 'http://www.long.com/', 'http://adams-olson.biz/']",616-15-0662,"23641 Santana Light
Christopherside, PA 83780","80393 Jeffrey Trafficway
North Roger, AK 48821",AB+,M,stephenbryant@gmail.com,1981-09-29,"(Decimal('-80.9437525'), Decimal('24.452623'))"
Dawn Hanson,rholmes,Make,Nguyen-Anderson,"['https://gilmore-wright.net/', 'http://foster-hernandez.com/', 'https://www.robinson.com/']",458-01-1006,"766 Michael Pines
Madisonchester, NC 88417","PSC 9964, Box 5586
APO AE 06335",O-,F,andrewharris@gmail.com,1974-06-02,"(Decimal('14.3277825'), Decimal('91.170911'))"
Deborah Chavez,welchcarlos,Psychotherapist,Decker-Greer,"['https://www.cole-goodwin.com/', 'https://murphy.com/', 'http://www.mcclure.info/']",466-88-1414,"0960 Jose Shores
East Erictown, MT 60590","883 Diaz Stravenue
Port Michaelburgh, HI 35786",B-,F,dmoore@yahoo.com,1975-11-21,"(Decimal('-21.028496'), Decimal('-72.268515'))"
Denise Alvarez,fsutton,"Solicitor, Scotland",Rice Inc,"['https://www.thompson.net/', 'https://www.jones.net/']",337-12-3974,"5413 Suzanne Land Suite 630
Lawsonland, GA 30550","130 Diane Throughway
North Elizabethton, CA 33312",O-,F,warnerrachel@yahoo.com,1936-03-17,"(Decimal('-85.370658'), Decimal('71.906555'))"
Derrick Rivera,gward,Horticultural consultant,French LLC,"['https://www.kelly.com/', 'http://day.com/', 'https://adams-short.net/', 'http://davies.org/']",168-82-1777,"749 Hannah Ports Suite 026
South Andrew, UT 24099","32090 Wanda Center Suite 768
Kennethmouth, NE 89398",O-,M,alexramirez@hotmail.com,1943-07-06,"(Decimal('-49.4910865'), Decimal('13.848465'))"
Desiree Garcia,mileskatherine,Educational psychologist,Bennett-Sullivan,"['http://www.davis.info/', 'https://phelps.net/', 'http://baxter-fisher.biz/', 'http://fischer.com/']",588-23-0478,"006 Humphrey Knolls Apt. 281
Johnsonville, NC 65609","961 Ricardo Ramp Suite 731
Cervanteshaven, HI 60968",B+,F,nichole93@yahoo.com,1977-09-27,"(Decimal('-17.3526155'), Decimal('-104.249905'))"
Diana Lucas,crawfordnathaniel,Warehouse manager,Brown-Hernandez,"['https://www.james-hopkins.com/', 'https://jensen.com/']",124-90-9555,"864 Blackburn Road Apt. 791
New Christophershire, AL 04578","262 Fisher Village Suite 206
Nelsonmouth, IA 19682",O-,F,vstewart@hotmail.com,2011-04-02,"(Decimal('-80.689045'), Decimal('31.392969'))"
Diane Hayes,jcrawford,Banker,Rogers-Chan,"['http://www.martin-roberson.com/', 'https://carpenter.com/']",135-24-1999,"961 Jennifer Centers
Rebeccaburgh, KY 44102","40292 Anne Estate
Lake Manuel, TN 34326",A-,F,lucaswilliams@yahoo.com,1905-11-07,"(Decimal('61.710785'), Decimal('16.808749'))"
Dr. April Smith DVM,spencer30,Arts administrator,Gordon PLC,['http://www.wood-andrade.com/'],475-90-6259,"2669 Hill Roads
Lake Anafort, LA 53338","6346 Mcgee Turnpike
Joshuafurt, SD 46664",A-,F,cainhunter@yahoo.com,1977-12-11,"(Decimal('-87.3945225'), Decimal('-86.563994'))"
Dr. Thomas Baxter,caroline28,"Merchandiser, retail","Fields, Simpson and Charles","['https://www.burns-atkins.biz/', 'http://hancock-sanchez.com/', 'http://reynolds.net/', 'http://lopez.info/']",537-18-2648,"30985 Alexander Route Suite 438
South Evan, IN 15367","47879 Kristi Dam Apt. 270
West Michael, ID 45811",AB-,M,tsimmons@yahoo.com,1971-06-30,"(Decimal('-1.043966'), Decimal('-141.070242'))"
Dr. Timothy Hall MD,jorge45,Psychiatrist,Beltran LLC,['https://smith.com/'],743-61-1073,"7898 Wyatt Union Apt. 230
Port Sharon, MT 32482","187 Emily Station Suite 090
Jamiefort, AZ 87988",A+,M,halldonald@yahoo.com,1964-09-27,"(Decimal('-10.030244'), Decimal('-165.898998'))"
Eduardo King,garciachristopher,"Engineer, communications",Benton PLC,['http://carter.com/'],861-03-8482,"1106 Vance Island Apt. 107
Floresside, ME 95988","USNV King
FPO AA 96123",O-,M,lindawilliams@hotmail.com,1951-03-28,"(Decimal('-9.1047775'), Decimal('120.202028'))"
Edward Brooks,hodgeswilliam,"Buyer, retail","Garcia, Kemp and Mckenzie","['http://smith-edwards.info/', 'https://bird.com/', 'http://reynolds-sanchez.com/']",203-35-2489,"4237 Jessica Ridge Suite 215
Port Robertberg, OH 96357","86263 Paul Divide Apt. 078
Lopezborough, ME 45513",O-,M,dsmith@hotmail.com,1969-01-14,"(Decimal('-12.172605'), Decimal('-131.607541'))"
Emily Chapman,mhardy,Radiation protection practitioner,Richardson-Davis,"['https://www.cobb-allen.com/', 'https://boyd.info/', 'http://www.randall.com/']",113-06-4988,"0446 Adam Centers
North Sarahshire, PA 71879","34097 Garcia Trail Apt. 977
Port Benjamin, MT 42154",AB+,F,morrisraymond@hotmail.com,1937-08-02,"(Decimal('-65.834189'), Decimal('-75.884472'))"
Emily Patterson,hansontravis,"Therapist, horticultural",Li LLC,['https://www.rodriguez.com/'],684-74-1547,"47922 Montoya Islands
Dustinmouth, RI 24712","Unit 2319 Box 7827
DPO AP 73140",B-,F,murphynicholas@hotmail.com,1918-09-27,"(Decimal('68.0124065'), Decimal('-2.960452'))"
Emily Roberts,david67,Financial controller,"Knox, Webster and Haynes","['http://jordan.com/', 'http://www.camacho-pugh.com/', 'http://ramirez.com/', 'http://www.hawkins-rich.net/']",571-31-1421,"113 James Isle Apt. 569
Johnsonberg, NM 37957","7216 Christopher Tunnel Suite 464
West Denise, VA 79031",A+,F,philipanderson@hotmail.com,2007-10-24,"(Decimal('75.8609795'), Decimal('122.507252'))"
Eric Curtis,williamskathryn,Heritage manager,"Murphy, Harper and Wilkinson","['http://www.wade.org/', 'https://www.walsh.info/', 'https://stokes.com/', 'http://sullivan-harris.com/']",502-39-5791,"5866 Joshua Spring
Port Tamaratown, NH 33102","116 Allison Cliffs Suite 625
New Lindseyport, HI 65926",O-,M,ebrewer@yahoo.com,1944-11-08,"(Decimal('-51.0067015'), Decimal('45.856913'))"
Erica White,donna49,Sports administrator,Andersen-Rocha,"['http://mcintyre.com/', 'http://woodard-hall.com/', 'https://hicks.com/', 'http://allen-hill.net/']",658-15-2763,"80854 Reginald Freeway Apt. 877
Angelicamouth, SC 66957","18394 Washington Circle Suite 055
South Jacobmouth, AR 00887",B+,F,waustin@yahoo.com,1970-03-27,"(Decimal('-63.281151'), Decimal('-19.493339'))"
Erika Lawson,heathermelton,Scientific laboratory technician,Stafford-Quinn,"['http://www.palmer-marquez.com/', 'http://lester.com/', 'http://spencer.com/', 'http://www.williams-robinson.org/']",408-10-3976,"75975 Ferrell Key
Paulside, DE 63560","34105 Schmidt Shore
East Christinastad, RI 93072",A+,F,nhernandez@yahoo.com,1969-01-16,"(Decimal('-70.1097665'), Decimal('-96.953951'))"
Ethan Bradley,joneskenneth,"Engineer, structural",Miller Group,"['http://rubio.com/', 'https://www.carrillo.com/', 'https://www.brown.org/', 'http://rogers.com/']",790-27-2448,"52720 Kenneth Locks
Jasonchester, DE 45702","1828 Maria Throughway Suite 191
South John, NY 33632",AB-,M,dwallace@gmail.com,1944-09-04,"(Decimal('38.809356'), Decimal('-62.817544'))"
Francisco Little,andrew08,"Therapist, art","Perkins, Simmons and Curtis","['https://www.fox.org/', 'https://www.miller-anderson.biz/', 'http://grant.com/', 'https://grant.com/']",400-26-0430,"259 Kyle Oval
East Manueltown, NM 60216","70819 Lewis Springs Apt. 807
Tiffanyton, IN 93499",AB+,M,pmcclain@yahoo.com,1993-08-01,"(Decimal('64.9629375'), Decimal('-151.584476'))"
Frank Martinez,jeffreyjohnston,Haematologist,"Long, Moore and Bender","['https://www.webster-taylor.com/', 'http://hale-ramirez.biz/', 'https://gordon.com/']",117-03-4297,"USCGC Grant
FPO AP 11739","514 Diane Creek Apt. 125
Woodborough, RI 05337",AB-,M,talexander@hotmail.com,1997-04-25,"(Decimal('-29.502657'), Decimal('-137.390554'))"
Gabrielle Richardson,eric86,Museum/gallery curator,"Frazier, Sparks and Ingram","['https://blankenship.com/', 'http://www.schmidt.com/']",366-53-3343,"26214 James Gateway Suite 232
Collinsfort, NV 20818","9510 John Squares
West Leviside, ND 59040",AB+,F,hvalencia@hotmail.com,1921-12-22,"(Decimal('67.6848335'), Decimal('-75.546558'))"
Gary Lewis,lauraherman,Forensic scientist,Costa LLC,"['https://www.guerrero.com/', 'https://www.harris.com/']",715-94-4931,"5902 Rachel Meadow Suite 876
Kevinport, CT 26414","16065 Mclaughlin Mission Suite 232
Lake Diane, IN 42674",A-,M,pamela77@hotmail.com,1959-10-11,"(Decimal('2.2545015'), Decimal('89.013896'))"
George Jones,jessica74,Child psychotherapist,"Ward, Duran and Williams",['http://www.arnold-graham.com/'],798-84-7531,"02122 Brandon Shoal Apt. 552
South Philliphaven, VT 68476","219 Craig Cliff Apt. 567
Mooreside, GA 06066",AB-,M,larry07@hotmail.com,1915-12-31,"(Decimal('38.1426455'), Decimal('127.558318'))"
Hannah Miller,gordontimothy,Microbiologist,"Wright, Hernandez and Aguilar","['https://berry.com/', 'https://holder.com/']",592-45-2065,"2891 Deanna Summit Apt. 732
North Michaelport, TN 36932","2676 Baker Plaza Apt. 445
Oliviaberg, SC 64169",AB+,F,megan12@yahoo.com,1976-05-03,"(Decimal('-88.669292'), Decimal('103.090607'))"
Hannah Russell,mendezkellie,Sports administrator,"White, Taylor and Anderson",['http://www.holder.org/'],237-96-7579,"905 Hodges Groves
North Carolynborough, KS 95877","06093 Brooks Skyway Apt. 736
Kristenville, AL 38490",A+,F,steven43@hotmail.com,2004-08-16,"(Decimal('-47.047799'), Decimal('93.754550'))"
Hunter Baker,powelljackson,"Psychotherapist, child","Clark, Richardson and Hughes","['http://jackson-sandoval.info/', 'https://www.washington.org/']",414-67-3019,"16702 Wayne Knoll Suite 922
Port Johnfurt, GA 99236","04560 Sanchez Islands Apt. 991
Davisville, NM 08387",B+,M,bennettkeith@yahoo.com,1970-03-01,"(Decimal('-68.1630845'), Decimal('48.536918'))"
Jacob Martin,smithbrian,"Scientist, product/process development",Martin-Figueroa,['http://thomas-nguyen.biz/'],409-16-2847,"05187 Seth Isle
Andrewburgh, OK 88613","6940 Hill Rapid Apt. 863
Kevinton, CO 84818",B-,M,phillip15@gmail.com,1929-03-12,"(Decimal('-9.381063'), Decimal('-151.111947'))"
James Rodriguez,travis19,"Surveyor, commercial/residential",Powell Inc,"['https://adams.com/', 'http://olson.net/', 'https://juarez-black.com/']",639-11-5589,"33250 Moran Ramp
North Michael, FL 81599","967 Hayes Land Apt. 711
Lake Anthony, FL 10608",AB+,M,steverosales@yahoo.com,1920-09-18,"(Decimal('-30.489874'), Decimal('94.425049'))"
James Torres,youngbrandi,"Engineer, structural","Woods, Parks and Jones","['https://johnston.com/', 'https://www.christensen.biz/', 'http://valencia.com/', 'http://www.boyer-bradshaw.com/']",847-47-3650,"2970 Douglas Haven Apt. 344
Tapialand, ME 66458","353 Woods Walks Apt. 228
Melissahaven, NV 08622",AB-,M,brownsarah@hotmail.com,1973-11-24,"(Decimal('50.4585105'), Decimal('128.600233'))"
Janice Brown,jasonhernandez,Environmental health practitioner,Curtis PLC,['https://mann.com/'],625-66-8454,"72203 Michael Alley Apt. 400
Shannonbury, OK 57816","45194 James Valleys Suite 974
Barkerbury, MS 85552",A-,F,jocelyn37@yahoo.com,1964-08-22,"(Decimal('33.462254'), Decimal('-142.143406'))"
Jared Kane,roberthodge,Wellsite geologist,"Leonard, Frost and Wolfe","['https://www.tran-curtis.com/', 'https://www.huang.com/', 'https://allen-williams.com/', 'https://harris.com/']",014-41-0794,"966 Bruce Roads Apt. 388
Ruizshire, ID 58049","561 Clark Manors
Jennifermouth, AZ 39262",O-,M,kellygreene@gmail.com,2017-03-29,"(Decimal('-14.298987'), Decimal('159.706590'))"
Jason Walls,kalvarado,"Scientist, product/process development","Dillon, Rich and Barrett","['http://www.simpson.com/', 'http://www.holmes.com/']",257-42-5756,"USNS Lee
FPO AE 52155","0829 Andrews Ferry
Javierfurt, FL 88172",AB-,M,cookrobin@gmail.com,1977-03-27,"(Decimal('29.1397045'), Decimal('23.049555'))"
Jay Morales,henryjohnson,Location manager,"Bullock, Jackson and Ho","['https://www.cooke.com/', 'https://www.velez.biz/', 'http://beard.biz/']",242-11-5308,"9425 Rodriguez Court
Boydton, MA 56093","465 Katelyn Lodge
New Erinberg, ID 04895",A-,M,taylorjames@yahoo.com,1969-09-25,"(Decimal('-54.6170985'), Decimal('-61.018070'))"
Jeanette Miller,whall,"Engineer, broadcasting (operations)",Mcmillan-Ramirez,"['https://allen.biz/', 'https://www.allen.com/']",642-79-9306,"94329 Willie Point
New Katherineberg, NH 29380","Unit 4218 Box 2840
DPO AA 69694",AB+,F,brendanjackson@yahoo.com,1963-06-20,"(Decimal('41.809064'), Decimal('79.301618'))"
Jeffery Schmidt,fsalas,"Social research officer, government",Noble LLC,"['https://chang.com/', 'http://clark.info/']",246-99-9122,"3256 Brian Rapid
South Melissa, OK 88816","2720 Martinez Loop
North Perrymouth, OH 44334",AB+,M,williamchung@yahoo.com,2015-06-12,"(Decimal('73.8224035'), Decimal('42.351234'))"
Jeffrey Duarte,christineharper,Music tutor,Bennett and Sons,"['http://wise-daniels.info/', 'https://diaz.com/', 'http://www.lloyd-flowers.com/', 'http://www.mccarthy-murphy.org/']",410-94-4672,"756 Davis Orchard
Lake Shelby, MO 59395","68344 Caldwell Cove
West Emily, VT 25373",B+,M,kathrynperez@gmail.com,1947-10-25,"(Decimal('25.9982985'), Decimal('-66.872137'))"
Jeffrey Thomas,yallen,Museum/gallery curator,Smith LLC,"['http://www.chase-jenkins.com/', 'http://www.palmer-stevens.net/', 'http://www.davidson-ferguson.info/', 'http://white.com/']",686-76-5770,"7681 Matthew Villages Apt. 439
Charleneton, MI 81696","1262 Hughes Cliff Suite 397
New Ashley, NJ 99107",A-,M,megankoch@hotmail.com,1949-02-02,"(Decimal('-47.398610'), Decimal('-86.274065'))"
Jennifer Bond,brucejoshua,Product/process development scientist,Wood-Nolan,"['http://jordan.com/', 'http://jones-villa.com/']",619-77-0913,"39637 Contreras Streets
Kaylamouth, UT 53125","PSC 0332, Box 8247
APO AP 22735",A+,F,brianmartin@hotmail.com,1960-12-13,"(Decimal('1.8074715'), Decimal('54.724167'))"
Jennifer Hester,santiagoryan,Medical technical officer,Vasquez and Sons,['https://flores.net/'],478-95-0266,"229 Dunn Trail Suite 135
North Derek, ME 41912","8026 Steele Loop Suite 166
Carterchester, WV 11561",O+,F,ann71@gmail.com,1992-10-02,"(Decimal('-27.0082655'), Decimal('133.346694'))"
Jennifer Liu,monicasandoval,Oncologist,Lee and Sons,"['https://www.villarreal.org/', 'https://clark.com/', 'https://www.johnston.net/']",648-18-5432,"77914 Powell Dam Apt. 898
Roblesstad, MI 01892","412 Rodriguez Pine
Elizabethton, SC 33872",O+,F,brandongalloway@yahoo.com,1948-09-10,"(Decimal('25.978555'), Decimal('166.380128'))"
Jennifer Stone,kirbypeter,Animator,Carter-Evans,"['http://www.hernandez-anderson.net/', 'https://davis.net/', 'https://hoffman.org/']",134-24-4779,"0119 Lauren Isle
Port Gabrielstad, IL 90646","715 Nguyen Views
Suzannemouth, LA 71712",A-,F,chadandrews@gmail.com,1918-05-06,"(Decimal('48.650353'), Decimal('-52.314325'))"
Jennifer Terrell,ryan26,Armed forces training and education officer,Hall Inc,"['https://contreras.info/', 'http://www.martinez.info/', 'http://www.shepherd-pacheco.org/']",353-34-2773,"409 Johnson Unions
East Kathyberg, VT 56972","2634 Edward Squares
Lake Amy, MT 39612",O-,F,tamaraburns@gmail.com,2001-07-15,"(Decimal('5.2459455'), Decimal('-23.957382'))"
Jerry Oneill,qnelson,Product manager,"Lopez, Lewis and Garcia",['https://www.holt.com/'],842-53-8543,"79017 Fred Mall Apt. 771
Duncanmouth, HI 06711","057 Howard Union
New Jaredborough, WV 66039",B+,M,kelliwebb@hotmail.com,2001-10-26,"(Decimal('-4.2966215'), Decimal('160.985852'))"
Jimmy Berg,hubbarddennis,Local government officer,Marshall and Sons,"['http://www.cooper.com/', 'https://www.nguyen.net/']",009-76-3594,"615 Webb Cliff
Wattsborough, DE 42526","047 Kyle Parks Apt. 450
Rasmussenborough, CA 83288",B-,M,brownjonathan@gmail.com,2007-11-10,"(Decimal('-35.6412695'), Decimal('106.634655'))"
Joel Jimenez,rnorman,Maintenance engineer,"Watkins, James and Lewis","['http://www.hall.com/', 'https://nicholson-bowen.info/']",860-74-9574,"62939 Anderson Loaf
Johnnyfurt, CO 82123","1099 Charles Junctions Suite 864
Pinedaland, AR 42779",AB-,M,jenna99@hotmail.com,2012-01-16,"(Decimal('33.0111355'), Decimal('-8.521049'))"
John Bowman,ljohnson,Chartered accountant,Sherman-Gonzales,['https://collier.info/'],143-47-1933,"PSC 2164, Box 1598
APO AP 46769","506 Lopez Mills Apt. 548
Port Richard, SC 93165",O+,M,twarren@gmail.com,1928-12-03,"(Decimal('-76.538684'), Decimal('-116.177736'))"
John Butler,christopherdavenport,Community development worker,Johnson-Hall,"['http://www.robinson-jones.biz/', 'https://page.info/']",403-72-7945,"121 Jeanette Lock Apt. 310
East Patricia, WY 90308","9374 Cesar Forks
East Dana, MN 20438",O+,M,gentryjoel@yahoo.com,1975-06-05,"(Decimal('24.3337975'), Decimal('-165.801161'))"
John Walsh,stephanieochoa,Town planner,Jacobs-Thompson,"['http://www.rhodes.com/', 'https://www.hernandez-sheppard.com/', 'https://www.campbell-walters.com/']",834-90-6031,"69955 Walker Points Suite 075
Craigchester, RI 46501","982 Baldwin Points
Lake Cassandra, SD 01963",AB-,M,jacksonterri@hotmail.com,1945-09-14,"(Decimal('-2.4243375'), Decimal('-108.394734'))"
Jonathan Carter,kimberlygonzalez,Metallurgist,"Snyder, Morales and Lee","['https://dean.com/', 'https://www.keller.info/', 'http://martin.com/', 'https://garrison.info/']",011-28-3103,"448 Hernandez Points
Port Elizabeth, IN 71662","425 Mitchell Lake Suite 571
Lake Anthony, CO 65773",B+,M,iberg@hotmail.com,2017-08-18,"(Decimal('33.324130'), Decimal('9.231648'))"
Jonathan Johnson,bballard,Retail manager,Aguirre Inc,"['http://williamson.com/', 'http://www.thompson.com/']",377-48-2409,"022 Terri Islands
Harmonshire, TX 45947","0961 Green Hill
Barberton, DE 86876",A+,M,donald43@yahoo.com,1984-05-20,"(Decimal('-35.905965'), Decimal('-25.329203'))"
Jonathan White,morgantorres,Charity fundraiser,Kelly-Mullen,"['http://gutierrez.info/', 'http://martin.com/']",866-42-0923,"021 Kristin Rest
West Brittanyborough, OR 37003","656 Erica Mill Suite 022
Jasonport, MS 03238",A+,M,angela79@gmail.com,1933-04-17,"(Decimal('4.5022045'), Decimal('87.305492'))"
Jordan Myers,crystalroberts,Theatre manager,Mcdonald-Delacruz,"['https://www.mckay.com/', 'https://www.thomas.com/', 'http://morse.com/']",387-48-1555,"0381 Amber Turnpike
East Williambury, NE 06350","2344 Holt Oval
Patriciaberg, HI 37163",A-,M,tanyamoon@hotmail.com,1916-01-21,"(Decimal('-78.208364'), Decimal('-148.484726'))"
Jordan Taylor,barnesmichael,Physiological scientist,Payne-Stout,"['https://www.clayton.com/', 'http://barrett-brandt.com/']",706-08-4222,"2414 Deborah Prairie Suite 825
Jamesberg, GA 64668","20968 George Springs
Port Rachel, SD 86393",AB-,M,victoria22@hotmail.com,2008-12-21,"(Decimal('-71.941124'), Decimal('-174.284080'))"
Jose Allen,zhangnathaniel,Television floor manager,"Gillespie, Dunn and Gaines","['http://www.bradley.com/', 'https://middleton-johnson.biz/', 'https://www.duncan.com/']",573-70-0696,"748 Ellis Flats Suite 972
Rhodesmouth, NY 67240","6774 Amber Road
East Danielmouth, UT 31037",B+,M,debbiebrennan@yahoo.com,1933-04-16,"(Decimal('73.1785975'), Decimal('110.562418'))"
Joseph Andrade,katherinewalker,Seismic interpreter,Leach-Campbell,"['http://www.kennedy-carroll.biz/', 'http://fletcher-richardson.info/', 'http://www.burns-benson.com/', 'http://barron-chan.com/']",752-64-5515,"55990 Diana Loaf
Chapmanmouth, VT 37476","11707 Lozano Harbor Suite 517
Anaborough, OK 70444",O-,M,sarahgordon@yahoo.com,1920-11-02,"(Decimal('32.9065335'), Decimal('2.445587'))"
Joseph Blanchard,hflores,Music therapist,Lambert and Sons,"['http://www.boyd.com/', 'http://massey.com/', 'http://www.brooks-mclean.com/', 'https://valencia.com/']",265-88-0980,"151 Michelle Drive
Olsonland, WV 83350","572 Barron Parkways Suite 225
West Darren, KS 62590",B+,M,adam36@yahoo.com,2016-04-26,"(Decimal('37.6722475'), Decimal('27.088691'))"
Joseph Evans,boconnor,"Engineer, control and instrumentation",Berg PLC,"['http://foster.com/', 'http://www.pruitt.com/', 'https://lee-webster.org/', 'http://www.mcneil.com/']",706-85-9193,"67484 Wendy Unions
Port Nicholas, MI 48151","010 Mendez Union Suite 561
Sharonborough, WA 33472",A-,M,ftownsend@yahoo.com,1969-08-20,"(Decimal('-15.291026'), Decimal('25.911888'))"
Joshua Jones,dyoung,"Producer, television/film/video",Robinson and Sons,['http://francis-bradley.com/'],551-90-6862,"9140 Martin Freeway Apt. 958
East Deborah, AZ 59254","4353 Jonathan Mills
Davidshire, VA 39981",O+,M,howellmarcus@yahoo.com,1917-02-06,"(Decimal('57.8138385'), Decimal('102.668592'))"
Justin Cooper,aaron02,Landscape architect,Nguyen LLC,"['http://www.brown-beltran.net/', 'https://espinoza-mendoza.info/', 'https://brown.biz/']",376-46-2066,"170 Lawrence Creek Suite 815
Rodriguezburgh, NH 76628","82168 Guzman Shoals Apt. 914
Sandersshire, FL 36795",B-,M,wrightamber@yahoo.com,1934-03-29,"(Decimal('-52.6775975'), Decimal('93.897618'))"
Justin Williams,xperez,"Accountant, chartered certified",Griffin-Klein,"['http://www.mccarthy-green.biz/', 'http://www.roberson.net/', 'https://rojas.com/']",667-89-8616,"65251 Clark Junction Suite 722
East Emilytown, WY 42312","Unit 6432 Box 0021
DPO AA 71032",O-,M,bmedina@yahoo.com,1998-05-18,"(Decimal('12.421060'), Decimal('176.808027'))"
Karen George,bethgilbert,"Programmer, multimedia",Estes PLC,"['https://www.banks.com/', 'http://smith.biz/', 'https://blevins.com/']",289-12-1186,"03890 Mcpherson Corner
Smithtown, GA 43155","3713 Wolfe Mission
South Donald, IL 62982",A+,F,kenneth31@hotmail.com,1948-11-21,"(Decimal('76.743656'), Decimal('-111.182434'))"
Karen Wiley,rileymadison,Jewellery designer,Thomas and Sons,"['https://www.bailey-reilly.com/', 'http://navarro.com/', 'http://bauer.com/', 'http://www.wong.org/']",764-02-3794,"3327 Katelyn Dale
Edwardston, MD 70570","240 Kathleen Centers
North Dominique, TN 88505",O+,F,hintonmargaret@yahoo.com,1991-05-16,"(Decimal('8.533920'), Decimal('61.123940'))"
Kayla Sellers,burtonmichael,"Engineer, civil (consulting)","Hughes, Chavez and Cherry","['http://www.strickland-matthews.com/', 'http://www.williams.info/']",373-55-1018,"4709 Smith Overpass Suite 552
Walkerborough, NC 44530","PSC 5246, Box 9307
APO AP 26190",B+,F,sarahgonzalez@hotmail.com,1966-09-10,"(Decimal('-60.7301425'), Decimal('-22.362571'))"
Keith Spencer,william75,Advertising account planner,Hansen Ltd,"['http://www.smith-martinez.com/', 'http://www.johnson.org/', 'https://www.combs-mason.com/']",695-10-0075,"657 George Highway Suite 181
Port Melissaburgh, UT 49409","65281 Patel Road
Harrisborough, ID 16195",O-,M,johnsonlindsey@hotmail.com,2014-10-28,"(Decimal('45.039000'), Decimal('-168.432598'))"
Kevin Carroll,cbrown,Psychiatrist,Wilson Inc,"['http://www.thomas.org/', 'https://castillo.com/', 'http://hess.com/']",736-97-1153,"1567 Brandon Gateway Apt. 563
West Barbaraborough, WI 45914","681 Jeffrey Pass
Smithhaven, UT 16555",AB-,M,bpayne@yahoo.com,1950-01-02,"(Decimal('37.257465'), Decimal('37.021902'))"
Kevin Lam,cherylmejia,Arts administrator,Bryant-Nunez,"['http://robertson.biz/', 'http://www.brown.com/', 'http://schultz.org/']",547-43-0795,"88164 Clark Ways Suite 334
Lindaview, NJ 74741","115 Page Corners
Amberfort, TX 55710",B+,M,cmartin@yahoo.com,1933-07-09,"(Decimal('72.054017'), Decimal('-94.812826'))"
Kim Ryan,gonzalesbrian,Pension scheme manager,"Sullivan, Johnson and Scott","['http://riley.com/', 'http://meyer-barnes.info/', 'http://rivera.com/']",742-09-7511,"57588 Theresa Heights Apt. 821
Nicholsberg, NV 87549","9771 Brittany Shoal
Carterbury, DE 11404",O-,F,sarah96@gmail.com,1922-03-27,"(Decimal('62.734584'), Decimal('-22.636976'))"
Kimberly Little,sparker,Maintenance engineer,Murray and Sons,"['http://www.gould.net/', 'https://aguilar-ramirez.com/']",025-10-7249,"15131 Wendy Valleys Suite 826
Port Roseville, TN 98404","PSC 6230, Box 1130
APO AP 10923",B+,F,ycowan@gmail.com,2013-07-11,"(Decimal('-7.4225905'), Decimal('-47.250058'))"
Krystal Turner,heatherevans,"Scientist, clinical (histocompatibility and immunogenetics)",Brooks LLC,"['https://peters.com/', 'https://smith.info/']",579-83-0119,"268 Kyle Parks Suite 628
Katherinechester, AL 98376","2605 Sullivan Cliff
Lake Bob, ID 03485",AB+,F,dominicmoore@hotmail.com,1939-01-23,"(Decimal('41.423204'), Decimal('-42.647749'))"
Larry Santiago,xross,Medical illustrator,Montoya-Hernandez,"['http://morales-simpson.net/', 'http://www.garcia-rivera.net/', 'http://www.jones-carroll.org/']",013-03-2352,"53293 Amanda Courts Apt. 289
Jimenezfort, WY 75324","81330 David Roads Suite 551
Stewartfurt, NY 23886",AB-,M,judyscott@yahoo.com,1941-08-02,"(Decimal('63.659377'), Decimal('88.250741'))"
Laura Gardner,elong,Local government officer,Whitaker Inc,"['http://hester.com/', 'https://lopez.biz/', 'https://bond.com/']",451-18-9394,"51088 Kristen Flat Apt. 450
Hayeschester, OH 27067","24301 Amber Port
North Jenniferland, NY 71845",A-,F,waltersalicia@hotmail.com,1909-07-17,"(Decimal('23.5667945'), Decimal('111.784820'))"
Laurie Hart DDS,lisa50,Educational psychologist,Gordon-Castillo,['http://www.willis.com/'],058-22-9372,"373 Smith Row
North Alyssamouth, AR 15126","826 Newton Spring
Antonioburgh, WY 44532",O-,F,vlewis@yahoo.com,1995-03-07,"(Decimal('50.129403'), Decimal('22.663275'))"
Laurie Williamson,caroline66,Physiotherapist,Ramos PLC,"['https://www.martinez.com/', 'http://www.reynolds-nelson.com/', 'http://www.graham.biz/', 'http://www.stanton.com/']",280-43-9003,"147 Valencia Land
Hesterberg, WY 36404","64237 Richardson Estate
North Joann, KY 69015",A+,F,william02@gmail.com,1922-04-05,"(Decimal('63.8446095'), Decimal('127.504078'))"
Lawrence Lewis,longjoshua,IT trainer,Murray Inc,"['https://abbott.com/', 'http://macdonald-ortega.info/', 'https://www.johnson.com/', 'http://www.mccann-white.com/']",856-44-6620,"066 Pham Radial Apt. 048
Millerview, IA 61367","762 Gomez Shore
Morenoshire, ME 44235",O-,M,haley36@hotmail.com,1980-09-18,"(Decimal('59.2827915'), Decimal('21.743262'))"
Linda Marquez,travisfrank,Visual merchandiser,"Green, Bishop and Acevedo","['http://www.simpson.com/', 'https://www.johnson.com/', 'https://www.smith.org/']",145-41-3876,"9038 Mcbride Green
New Jessicafort, NE 63237","USCGC Henry
FPO AP 82607",O+,F,jennifer52@hotmail.com,1999-06-10,"(Decimal('40.227840'), Decimal('-103.225382'))"
Linda Salazar,ryan36,"Engineer, drilling","Ward, Taylor and Holloway","['https://torres.net/', 'http://nicholson-garcia.com/', 'https://www.green.com/', 'https://baker.com/']",151-14-3758,"19131 Strong Mount
South Heatherfurt, CA 40315","40123 Michael Knoll Apt. 757
North Brianfurt, WA 70847",AB+,F,laura04@hotmail.com,1970-12-09,"(Decimal('45.040053'), Decimal('-20.219746'))"
Lindsay Rodriguez,andreajordan,Advertising copywriter,Fernandez Inc,"['http://www.williams-gordon.biz/', 'https://www.kelly-guzman.org/', 'http://www.santana-bennett.com/']",473-86-0610,"53217 Renee Path Suite 546
Harryfurt, IL 62498","USCGC Roman
FPO AE 94698",O-,F,daniel55@gmail.com,1997-02-07,"(Decimal('62.178442'), Decimal('-133.801661'))"
Lisa Barnes MD,calvin65,Speech and language therapist,Dodson-Barton,"['http://jimenez.info/', 'http://www.bennett-ward.com/', 'https://www.schmidt.com/']",196-42-6941,"0887 April Hill Apt. 549
West Deannashire, WV 68836","PSC 4587, Box 4681
APO AA 83174",A+,F,lgarcia@gmail.com,1970-01-03,"(Decimal('-15.145154'), Decimal('-20.379736'))"
Lisa Larson,vegadesiree,Control and instrumentation engineer,Ochoa LLC,"['https://allison.org/', 'http://henderson.com/', 'https://delgado.com/', 'http://henderson.com/']",261-24-9988,"33088 Leon Estates Suite 642
Martinhaven, NC 01991","8823 Morgan Estates
Kanemouth, ME 74250",AB+,F,catherinefreeman@hotmail.com,1960-01-31,"(Decimal('54.736419'), Decimal('173.259037'))"
Logan Martin,sanchezanthony,Sports administrator,Knight-Mccormick,"['http://austin-reed.com/', 'https://kim.info/', 'https://frey.com/']",646-57-4845,"18378 Katie Course Apt. 999
North Nicholasmouth, NY 11615","49639 James Meadow
South Susan, ND 44868",O+,M,rkeith@hotmail.com,1906-09-04,"(Decimal('-14.6106255'), Decimal('-45.468403'))"
Lucas Estes,conleymichael,Editorial assistant,Snyder Inc,"['http://www.ramirez.com/', 'http://www.parker.com/', 'http://morgan.com/', 'http://smith.com/']",443-03-0652,"35973 King Street
Sanchezport, FL 76337","61384 Robert Station
North Joshua, NJ 63233",B-,M,isaiah64@gmail.com,1905-11-30,"(Decimal('50.958207'), Decimal('-141.294415'))"
Manuel Adams,hfarley,Ophthalmologist,Jones Ltd,"['http://www.goodman.com/', 'http://www.zhang-jones.net/', 'https://townsend-ward.com/', 'https://www.webb-king.net/']",857-73-5189,"191 Ball Locks Apt. 931
Kimfort, SD 90349","5963 Peter Orchard
Marissahaven, IA 78509",A+,M,knelson@gmail.com,1946-05-31,"(Decimal('-51.897395'), Decimal('89.834174'))"
Manuel Williams,barrgina,Optometrist,"Parker, Thomas and Lopez","['https://www.stokes.biz/', 'https://mendoza.com/', 'http://www.patterson-sanford.com/', 'http://torres-fitzgerald.com/']",094-89-5559,"Unit 5112 Box 4393
DPO AP 79738","73400 Denise Station
North Williamberg, ME 77488",B+,M,jessica18@gmail.com,1979-09-27,"(Decimal('-6.3582755'), Decimal('-125.451646'))"
Maria Martin,burgessmaureen,Building services engineer,Taylor Group,"['https://bates.net/', 'http://torres-garcia.com/']",646-51-1970,"539 Brown Island Suite 607
Brandyburgh, NY 42816","3113 Amy Street Suite 623
Carrieport, WA 45613",AB+,F,jade82@yahoo.com,1907-10-17,"(Decimal('4.452967'), Decimal('-130.062564'))"
Martin Bonilla,antoniomccarty,Geographical information systems officer,Sutton PLC,"['http://rogers.org/', 'https://reynolds-mitchell.com/']",359-05-8779,"PSC 4666, Box 1797
APO AP 10730","32371 English Unions Suite 946
Lake Emilyview, IN 02182",O-,M,patrick08@gmail.com,2016-05-03,"(Decimal('1.2468165'), Decimal('3.826428'))"
Matthew Graham,ywallace,Pensions consultant,Garner-Williams,"['http://www.patrick-richards.com/', 'https://www.bryant-bowman.com/', 'https://www.hughes.com/', 'https://jackson.com/']",874-42-7013,"1458 Jones Creek Apt. 534
Thomasville, WA 88727","2983 Amanda Run Apt. 378
East Brandon, MN 07716",A-,M,nmurphy@hotmail.com,2018-05-13,"(Decimal('72.6916105'), Decimal('-33.781660'))"
Matthew Sherman,patrick87,Water quality scientist,Fowler and Sons,"['https://www.taylor.com/', 'http://www.allen-hernandez.biz/', 'http://kaufman.net/']",383-50-2309,"6361 Heather Road Suite 025
Martinstad, IA 06767","39240 Adriana Trace
South Kurtland, OR 63765",O+,M,wmitchell@yahoo.com,1962-04-27,"(Decimal('-32.3606035'), Decimal('-94.850648'))"
Megan Coleman,frazierthomas,Sports coach,Wood and Sons,['http://www.garrison.com/'],171-80-2329,"15077 Gill Overpass
Port Patrick, TN 27630","86686 Martinez Mountains Suite 610
Raymondberg, CT 65013",B-,F,hernandezrhonda@gmail.com,1998-08-11,"(Decimal('45.919618'), Decimal('155.049197'))"
Michael Jones,kmorris,Insurance risk surveyor,Miller-Garcia,"['https://www.richard-pham.com/', 'http://phillips-moore.com/', 'http://www.curry.net/', 'http://www.martinez.com/']",460-93-5791,"2422 Lisa Ridges
Abigailshire, SD 14482","990 John Mountains
East Adam, CO 91630",AB+,M,ttaylor@hotmail.com,1990-01-24,"(Decimal('-25.263515'), Decimal('83.155182'))"
Michael Jones,zwilson,English as a second language teacher,"Franklin, Booth and Arnold",['https://bryant.com/'],623-49-5493,"7932 Mark Highway
Yolandaborough, TN 53062","6567 Wood Route Apt. 543
New Jesus, WI 53212",O-,M,youngmatthew@gmail.com,2003-09-18,"(Decimal('3.8703685'), Decimal('160.314978'))"
Michael Michael,christinemayer,Company secretary,Myers-Chan,"['http://www.duarte.com/', 'http://mcdonald-anderson.com/', 'https://www.jackson-hampton.com/']",748-14-5383,"447 Matthew Curve Apt. 425
East Jennifer, OK 57261","017 David Forge
North Johnland, MD 66163",O+,M,coreyblackwell@yahoo.com,1908-11-22,"(Decimal('-46.7623525'), Decimal('21.078002'))"
Michael Richardson,ericasmith,Press sub,Aguirre-Wright,"['https://sanders.info/', 'http://arnold-hudson.com/', 'http://www.rich.com/']",264-39-3178,"69774 Martinez Underpass Apt. 040
North Wendy, MD 03325","092 Jerry Summit Apt. 522
Hoodfurt, SD 57372",B+,M,jonathan86@hotmail.com,2008-10-08,"(Decimal('43.8953615'), Decimal('51.389348'))"
Michael Silva,phelpsjulie,Insurance broker,Wilson Inc,['https://dunn.biz/'],336-87-5604,"5249 Lisa Rapids
Port Jessica, WA 79336","0948 Jennifer Key
Lake Juanberg, WA 08733",B-,M,zoconnell@yahoo.com,1905-10-22,"(Decimal('-4.3704775'), Decimal('76.916193'))"
Michelle Daniels,bsmith,Social worker,Moreno Inc,['https://ray.com/'],296-80-5777,"9811 Wolfe Wells
Avilamouth, MN 90391","908 Calhoun Gardens Apt. 359
East Jillton, VT 81767",A-,F,nkeith@yahoo.com,2006-10-10,"(Decimal('-64.3201925'), Decimal('17.180228'))"
Michelle Smith,tgarcia,Arboriculturist,Dunn PLC,"['https://www.stokes-hudson.com/', 'http://lee-greene.info/']",608-29-2806,"USNS Willis
FPO AA 78244","1535 Michelle Parkway
Wandaborough, WV 55353",O-,F,esimmons@hotmail.com,1986-10-02,"(Decimal('-30.1079625'), Decimal('125.055587'))"
Miss Leslie Meyer,snyderhayley,Homeopath,Porter Inc,['http://nguyen.biz/'],412-61-6517,"PSC 3350, Box 1251
APO AE 59007","21370 Savage Locks Suite 575
North Wyattview, ME 27006",B+,F,kristina69@hotmail.com,1965-02-19,"(Decimal('52.549620'), Decimal('148.477115'))"
Mitchell Jordan,faithsmith,Printmaker,Escobar PLC,"['http://www.irwin.info/', 'http://ford.com/', 'http://www.hernandez-rowe.net/', 'http://www.thomas-harris.biz/']",790-20-4381,"13132 Samantha Manors
Lake John, SD 35420","8300 Mitchell Harbor Apt. 373
Vanceside, NJ 72951",A-,M,william98@gmail.com,1949-11-28,"(Decimal('-17.497287'), Decimal('-93.047199'))"
Mr. Anthony Martin DDS,jamieramos,Actuary,"Jones, Byrd and Pitts",['https://smith.com/'],546-29-8793,"385 Elizabeth Lakes
Burnsport, VT 83560","7084 Julia Cliffs
Mccoyport, NE 55120",O+,M,kerrtracy@hotmail.com,1934-09-10,"(Decimal('-86.0750505'), Decimal('-109.843642'))"
Mr. Tyler Simmons,smallshannon,"Therapist, art","Robinson, Russell and Smith","['https://www.smith.net/', 'https://www.lewis.com/', 'https://www.weeks.org/']",060-79-0146,"212 Butler Mountains Suite 767
Seanville, VT 64156","5342 Young View
Keymouth, IN 40097",AB-,M,apriljohns@gmail.com,1962-02-07,"(Decimal('6.5753085'), Decimal('-136.274609'))"
Mrs. Caitlin Reeves,matthewhardy,Leisure centre manager,Kennedy-Beltran,"['https://peters.com/', 'https://www.boyd.com/', 'http://www.williamson.com/']",037-19-4460,"08965 Wendy Hollow
Herrerastad, AZ 88478","34380 Ross Estates Apt. 736
Wallerbury, WV 47930",B+,F,diazsarah@hotmail.com,1934-03-01,"(Decimal('46.6612065'), Decimal('8.201518'))"
Nancy Fischer,melissaaguirre,International aid/development worker,"Thomas, White and Garza","['http://sanchez-palmer.com/', 'http://www.moss.com/', 'https://www.nichols.biz/', 'http://www.montes-franklin.net/']",229-66-5777,"1225 Hernandez Estates
Andrewbury, WA 29163","57108 James Land
New Annette, NY 64101",O-,F,fandrade@yahoo.com,1932-12-10,"(Decimal('-3.260172'), Decimal('-13.956013'))"
Nancy Price,garciajeffrey,Airline pilot,Wilson-Li,"['https://miller-kent.info/', 'http://holmes.com/', 'https://castro-freeman.org/', 'http://www.frank.com/']",460-98-5543,"76440 Kathryn Isle
South Colleen, WI 16442","5913 Anne Shoal Apt. 099
Melissamouth, MT 78398",O+,F,michaelhernandez@gmail.com,1973-06-11,"(Decimal('75.989856'), Decimal('-64.967344'))"
Natalie Roth,moodydavid,Primary school teacher,Castro-Perry,"['http://huff-graves.com/', 'https://www.robertson.org/']",074-66-5028,"55525 Debbie Stravenue
East Michaelborough, LA 87054","0377 Aaron Falls
Port Crystalmouth, VT 29203",A+,F,kimchristopher@gmail.com,2018-02-21,"(Decimal('89.341497'), Decimal('-11.419751'))"
Nicole Prince,travis15,Firefighter,Bridges-Gilbert,"['http://www.brady.com/', 'http://mendoza-reynolds.com/', 'https://gomez.info/']",616-46-1301,"41219 Kim Streets
East Derekville, MS 01141","7171 Jamie Dale
Port Jenniferstad, CT 48771",O+,F,kingkristine@hotmail.com,1922-02-02,"(Decimal('7.600758'), Decimal('136.603939'))"
Nicole Small,codyhoward,Oncologist,Proctor-Hancock,"['https://swanson-garcia.com/', 'http://www.johnson.com/', 'http://www.smith.info/']",360-46-3308,"9601 Rollins Plain Suite 841
West Peterstad, NJ 89449","811 Bonilla Centers Suite 022
Sharonside, MI 22656",A+,F,grossbrent@hotmail.com,1917-11-09,"(Decimal('-8.6374225'), Decimal('-52.388921'))"
Nicole Vargas,shannon40,Cytogeneticist,"Mejia, Jones and Duncan","['http://www.stewart-giles.info/', 'https://jones-sanchez.com/', 'http://www.key.com/', 'http://sanchez-hancock.org/']",408-13-9761,"PSC 6435, Box 9480
APO AA 13865","6272 Williams Station Apt. 614
North Adrianton, NE 12651",A-,F,johnsonmichael@hotmail.com,1925-07-18,"(Decimal('-64.943365'), Decimal('-163.011207'))"
Pamela Morales,pamela94,"Administrator, charities/voluntary organisations",Kelley and Sons,"['http://www.stewart.biz/', 'http://rice.com/', 'https://www.murillo.biz/', 'https://www.cline.com/']",460-69-6065,"USCGC Nelson
FPO AE 92159","376 Jacob Causeway Suite 143
Lake Nathan, DE 66379",A-,F,fburns@gmail.com,2011-01-11,"(Decimal('-3.346549'), Decimal('-113.558585'))"
Patricia Gomez,sextonbenjamin,"Engineer, agricultural","Duncan, Carrillo and Ramirez","['https://white.org/', 'http://www.sims.com/', 'https://gray-duncan.com/']",698-75-6323,"3586 Terri Road
Lake Bobby, KS 27928","41988 Kennedy Heights Apt. 824
Port Melissafort, MN 55064",O-,F,hammondjennifer@gmail.com,1928-10-06,"(Decimal('89.3931385'), Decimal('-5.631147'))"
Patricia Wilkins,emilypeters,Recruitment consultant,"Elliott, Leon and Gonzalez",['https://salinas-wilson.com/'],354-16-1507,"3548 Lee Green Apt. 352
North Ashley, OK 02672","37852 Teresa Pine Suite 581
Lake Josephland, AK 59449",O-,F,jasonmccann@hotmail.com,1956-09-04,"(Decimal('-87.210155'), Decimal('47.744133'))"
Paul Ball,elizabethali,Community education officer,"Johnston, Hardin and Johnson","['https://harper.biz/', 'http://www.stanley-burns.org/', 'http://murphy.com/']",233-47-0704,"6771 Christopher Valleys Apt. 412
West Kenneth, NE 93136","12571 Morris Corners Apt. 397
Lake Emily, SC 36008",B-,M,alexis09@hotmail.com,1963-09-25,"(Decimal('-30.2543845'), Decimal('-30.602339'))"
Phillip Ward,zmaldonado,"Sound technician, broadcasting/film/video",Caldwell and Sons,"['http://www.williams-martinez.com/', 'http://kent-moyer.com/', 'https://rodriguez.com/', 'https://wood.com/']",171-15-9354,"1844 Timothy Trace
Suttonhaven, WY 78170","4291 Jessica Branch Suite 301
Juanbury, CO 99438",B-,M,randyschultz@yahoo.com,1949-06-03,"(Decimal('-22.4502045'), Decimal('129.685315'))"
Rachel Carr,joeloconnor,Garment/textile technologist,"Kelly, Brown and Matthews","['http://peterson-dunn.net/', 'http://www.pierce-barnes.com/', 'https://higgins-martin.net/', 'https://carlson.info/']",575-38-6669,"919 White Street
Hartton, PA 16778","21094 Hayes Place
Russellmouth, GA 70388",B+,F,michael60@yahoo.com,1931-06-25,"(Decimal('-60.088488'), Decimal('-14.851675'))"
Richard York,timothytrevino,Investment analyst,Rose-Jenkins,['http://www.ellis-day.com/'],404-81-6134,"798 Brennan Crossing Suite 097
West Brianbury, CO 29973","234 Wolfe Garden
Nicholaschester, DC 27401",AB+,M,dustinsanders@gmail.com,1955-11-24,"(Decimal('-6.819280'), Decimal('90.078314'))"
Robert Franklin,ejohnson,Mudlogger,Lewis Ltd,"['http://www.chase.info/', 'https://rodriguez.com/']",705-38-2437,"76989 Debbie Ports
South Krystal, MO 08634","8250 Alyssa Orchard
New Michael, AL 68396",AB+,M,joshuasmith@gmail.com,1958-05-19,"(Decimal('89.8907465'), Decimal('113.629192'))"
Robert Hamilton,emilydelacruz,"Buyer, retail",Ruiz-Williams,"['https://thomas.com/', 'https://gutierrez.com/', 'http://mcintosh-holland.com/']",381-76-5563,"17703 Soto Valley
Vasquezfort, VT 41345","757 Sanchez Valley
Port Lisaborough, RI 71350",B-,M,morganamy@hotmail.com,1936-04-26,"(Decimal('86.675496'), Decimal('-173.268844'))"
Robert Hicks,sabrinafernandez,Astronomer,"Holmes, Thompson and Nicholson","['http://miller-conway.info/', 'https://garcia.info/']",610-16-9108,"3503 Camacho Burg Suite 603
East Barryville, AZ 31375","3290 Michelle Gateway Suite 902
South Johnville, AL 85010",O+,M,allison13@gmail.com,1950-02-17,"(Decimal('6.5467445'), Decimal('-115.154111'))"
Robert Lynch,mary43,Applications developer,Lane Inc,"['https://strickland.info/', 'https://www.white.biz/']",068-82-8656,"85826 Nguyen Burg
Curtisview, NV 66197","07396 Julia Ville Suite 644
Jonesfurt, LA 05631",A+,M,carlos15@hotmail.com,1976-10-16,"(Decimal('-87.397392'), Decimal('-80.576559'))"
Robert Mclean,twhite,"Psychotherapist, child",Boyle-Jones,"['http://www.wilkerson.com/', 'http://austin.com/', 'http://www.hill.biz/', 'http://edwards.com/']",821-48-0692,"1860 Bowman Locks Suite 714
Pottermouth, SC 90959","268 Carla Circles
Doyleborough, IA 63847",O-,M,crystal12@yahoo.com,2013-05-01,"(Decimal('20.4730815'), Decimal('-43.409566'))"
Robert Swanson,robinsonbrooke,Interpreter,"Huber, Colon and Davis",['https://harrell.com/'],898-52-4190,"56435 Booth Brooks Apt. 110
West Mallory, KY 49432","340 Kimberly Mill
Antoniostad, MD 92994",O-,M,agrant@hotmail.com,2019-11-17,"(Decimal('-20.2555435'), Decimal('77.406866'))"
Robert Williams,kristopher98,Diplomatic Services operational officer,"Lozano, Miller and Bailey","['http://www.davidson.com/', 'https://serrano.com/', 'https://chan-miller.org/', 'https://gilbert.info/']",153-69-2401,"6830 Jones Meadow
Kennethtown, PA 29341","5257 Laurie Estate Suite 744
Jerrymouth, NH 29925",A-,M,kevinhernandez@yahoo.com,1918-11-05,"(Decimal('73.591990'), Decimal('99.445673'))"
Samantha Fitzgerald,glenn19,Landscape architect,Snyder LLC,"['http://www.kelley.com/', 'https://wolfe.org/', 'http://www.ball-schmidt.com/', 'http://www.wilson.com/']",292-23-8200,"73717 Miller Shores Apt. 164
Townsendview, SC 40869","394 Stevenson Alley
Lake Danielle, MO 48825",O-,F,cassandrahansen@hotmail.com,1949-02-21,"(Decimal('2.322916'), Decimal('99.546727'))"
Sandra Wells,andersonlauren,Armed forces logistics/support/administrative officer,Hamilton-Williams,"['http://www.jones.info/', 'https://rice.net/', 'https://franklin.com/']",587-55-6798,"372 Michael Road Suite 701
Cooktown, WV 63265","87877 Willis Ways
New Tracifurt, VA 74651",AB-,F,hollyflowers@yahoo.com,1986-10-01,"(Decimal('83.178409'), Decimal('120.189343'))"
Sarah Roberson,aadams,"Development worker, community",Murphy-Ward,"['http://www.higgins.org/', 'https://www.payne.com/']",253-71-2533,"470 Brittney Drive Suite 020
North Dana, CT 77660","57627 Robert Light
Port Jorgehaven, TX 48700",B-,F,michele16@gmail.com,1986-03-29,"(Decimal('-43.1846675'), Decimal('-78.194304'))"
Scott Frye,debramurray,"Administrator, Civil Service",Chavez-Johnson,"['http://liu-smith.com/', 'http://torres.info/', 'https://keith.biz/', 'https://mckee.com/']",224-20-4341,"40141 Lauren Plain
Katietown, KS 13867","06953 Carpenter Rapid Suite 456
North Amanda, AR 36529",B+,M,ehernandez@yahoo.com,2003-09-02,"(Decimal('-51.3467095'), Decimal('13.267849'))"
Sean Daniels,pollardamber,"Designer, graphic",Wagner Group,"['http://www.harris-werner.com/', 'https://www.smith.com/']",557-37-0308,"68401 Ricky Mountains
South Nicholasville, NE 60749","27470 Jason Mount Suite 245
Chelseafurt, VA 65050",B-,M,ryan36@yahoo.com,1966-11-01,"(Decimal('-10.3568975'), Decimal('128.372285'))"
Shane Brown,sperry,Meteorologist,Jennings-Gomez,['https://melendez.com/'],677-23-2732,"34843 Goodman Club
Kristiburgh, NV 10302","445 Clements Stravenue Apt. 659
Patriciaberg, FL 64509",AB-,M,perezmaria@gmail.com,1999-08-17,"(Decimal('-2.9369765'), Decimal('-57.660571'))"
Sherry Reynolds,fwarner,Outdoor activities/education manager,"Lewis, Rodriguez and Bailey","['https://www.marks-curry.net/', 'http://nichols.com/', 'https://lyons.org/']",260-78-9536,"696 Joel Prairie
Port Jennifer, NH 61824","76514 Madison Gateway Apt. 509
West Danaville, TN 51112",A-,F,rmckay@yahoo.com,1947-11-29,"(Decimal('-82.373267'), Decimal('-165.760612'))"
Spencer Marks,lwilliams,Records manager,Hull-Wallace,"['http://elliott.com/', 'https://www.barrett.com/', 'https://www.mcfarland-bennett.biz/', 'http://lopez.biz/']",441-41-8254,"3214 Frank Drive Suite 261
West Louis, AR 81231","Unit 9956 Box 9207
DPO AE 39967",A-,M,garyhansen@yahoo.com,1937-04-09,"(Decimal('-61.574147'), Decimal('64.190849'))"
Stephen Garner,jesse77,Visual merchandiser,Williams PLC,"['http://herrera.com/', 'https://mendoza.biz/', 'https://www.johns.com/', 'https://bailey.info/']",392-50-9904,"277 Bowman Fork Suite 451
Lake Joseph, WY 38410","137 Kayla Cape
West Samuelburgh, MI 06092",B+,M,lfaulkner@yahoo.com,2018-05-24,"(Decimal('4.398104'), Decimal('-138.168224'))"
Stephen Lara,dawsoneric,"Designer, fashion/clothing","Smith, Wood and Castro","['https://gonzalez.com/', 'https://johnson.com/', 'https://www.chavez.com/']",571-12-8731,"534 Erika Bypass
Lake Stevenchester, LA 78361","49381 Brooks Lodge Suite 155
Rogershire, CO 80236",A+,M,mortonaaron@hotmail.com,1925-12-22,"(Decimal('-43.9981025'), Decimal('104.886893'))"
Steven Guerrero,cheryl50,"Engineer, building services","Mason, Torres and Williams",['http://martin-parker.com/'],387-54-8225,"11382 Taylor Road Apt. 571
East Cindytown, RI 61009","4489 Flowers Union
Port Briannaside, WI 76528",A+,M,charlesmoore@gmail.com,2017-01-25,"(Decimal('-49.2971645'), Decimal('49.986976'))"
Steven Smith,cookjacob,Visual merchandiser,"Diaz, Bruce and Kane","['https://johnson-roman.com/', 'http://www.long.org/', 'https://www.byrd.biz/']",791-61-0279,"366 Morgan Islands
Peterport, AR 19580","USNS Jones
FPO AE 36010",A+,M,probinson@gmail.com,1986-06-02,"(Decimal('-7.8426535'), Decimal('-101.606786'))"
Teresa Wagner,ywarren,Archivist,Ruiz-Powell,"['https://fernandez.org/', 'http://cortez.net/', 'https://palmer.biz/']",840-13-6863,"Unit 7941 Box 4292
DPO AE 15091","USS Romero
FPO AE 47982",O+,F,shawn92@hotmail.com,2004-12-07,"(Decimal('-54.1504205'), Decimal('117.911317'))"
Theresa Baldwin,ulopez,"Embryologist, clinical",Martinez and Sons,"['https://www.foster.com/', 'http://collins.com/']",512-94-5834,"359 Emma Glens Apt. 435
South Darinville, MO 49019","5275 Sara Island Apt. 306
Lake Ashleyshire, NV 37994",O-,F,eperez@yahoo.com,1972-05-03,"(Decimal('-62.8102365'), Decimal('151.471911'))"
Tiffany Combs,brianmelendez,Water engineer,"Lopez, Armstrong and Spencer","['https://guzman.net/', 'https://www.acevedo-chavez.com/', 'http://anderson.org/']",520-64-4752,"491 Adams Viaduct
Lake Patrickview, WI 76329","70666 Flores Ports
North Julie, GA 27479",O-,F,brookebrown@yahoo.com,1982-02-07,"(Decimal('29.577521'), Decimal('-65.437447'))"
Tiffany Hernandez,donna38,"Sales professional, IT","Glover, Williams and Clarke","['http://gonzalez-smith.org/', 'http://www.lewis.com/']",872-82-2510,"Unit 0780 Box 4273
DPO AP 42013","3786 Robert Lakes
East Olivia, MO 37828",A-,F,mday@yahoo.com,1949-03-31,"(Decimal('60.3868735'), Decimal('-174.349105'))"
Tina Hunt,carlduran,Economist,"Espinoza, Stephens and Taylor","['http://www.banks.org/', 'https://www.garcia.com/', 'https://lowe.info/', 'https://scott-acevedo.com/']",813-57-3510,"1735 Moreno Vista Suite 538
Christinechester, ND 10223","83899 Ryan Crest
West Emmaton, CO 66927",AB+,F,wdelgado@yahoo.com,1941-11-06,"(Decimal('-67.964156'), Decimal('81.079604'))"
Tracey Bowers,morganmandy,Barrister,"Craig, Cardenas and Murray","['https://www.garcia-frank.com/', 'https://moody.net/', 'https://baker.com/']",073-99-5305,"17627 Taylor Burgs
North Ashleyborough, AK 57856","58056 Medina Rest Apt. 706
Smithbury, NH 40770",B+,F,james20@gmail.com,2002-12-05,"(Decimal('51.5284895'), Decimal('-52.182289'))"
Tracy Diaz,james54,Occupational psychologist,Cortez Group,"['http://www.woods.com/', 'http://guzman.biz/', 'https://www.alvarez.com/', 'https://clayton.com/']",510-30-4448,"27378 Carol Street Apt. 046
Lake Jeffreyshire, KS 93475","813 Toni Vista
New Tracytown, WA 81991",B-,M,buckleypaul@gmail.com,2004-02-29,"(Decimal('-23.349656'), Decimal('155.540587'))"
Troy Herrera,salaskaren,Solicitor,Morse LLC,"['http://rodriguez.com/', 'http://www.pruitt.com/', 'https://welch.com/']",306-27-9329,"30414 Teresa Park Apt. 565
South Richardtown, UT 22456","190 Ballard Lodge Suite 778
North Jillian, CT 34140",O-,M,mryan@yahoo.com,1969-03-25,"(Decimal('-6.7840515'), Decimal('95.052952'))"
Valerie Cruz,danielferguson,Housing manager/officer,"Cruz, Scott and Anderson",['https://robbins-dorsey.biz/'],717-11-6748,"29848 Natalie Trail
East Michaelmouth, IA 14507","11802 Leah Rest Apt. 239
South Geraldfurt, DC 52574",A-,F,boyleandrew@hotmail.com,1951-05-05,"(Decimal('77.6139535'), Decimal('-91.994855'))"
Victor Johnson,rperkins,Patent examiner,May PLC,"['https://www.bennett-smith.com/', 'http://martin.com/', 'http://www.ellison.info/']",553-63-4887,"8010 Sarah Prairie
South Zacharyburgh, CA 93141","16783 Zachary Drives
Paigefort, WA 67519",B+,M,bowmanbrian@yahoo.com,1924-12-18,"(Decimal('-68.5886315'), Decimal('-120.297948'))"
Wendy Freeman,cobbashley,Psychiatrist,"Anderson, Walker and Smith","['http://wolfe-bailey.biz/', 'http://spencer.com/', 'http://stone.com/', 'http://smith-williams.com/']",894-63-3085,"918 Lori Ville Suite 221
Douglastown, WI 19975","PSC 2422, Box 8900
APO AA 40849",AB+,F,kathleen13@gmail.com,1988-06-15,"(Decimal('66.4235035'), Decimal('95.210690'))"
Willie Tran,christinethomas,"Engineer, drilling",Harris-Nixon,['http://lewis.com/'],674-66-1389,"539 Nunez Harbor Apt. 052
Richardside, NC 93534","358 Kathleen Plaza Suite 991
Port Tara, OR 33550",O-,M,mcphersonmichael@yahoo.com,1974-11-01,"(Decimal('-36.4154975'), Decimal('-90.476029'))"
